{
    "Layer":{
        "description": "A container defined by its properties."
    },
    "Align":{
        "description": "Positioning methods.",
        "center": {
            "description":"Position the layer to the center of its parent."
        },
        "top": {
            "description":"Position the layer to the top of its parent."
        },
        "left": {
            "description":"Position the layer to the left of its parent."
        },
        "right": {
            "description":"Position the layer to the right of its parent."
        },
        "bottom": {
            "description":"Position the layer to the bottom of its parent."
        },
    },
    "Animation":{
        "description": "An object that targets a layer and properties."
    },
    "BackgroundLayer":{
        "description": "A layer that covers the entire canvas."
    },
     "TextLayer":{
        "description": "Create a layer with text."
    },
    "VideoLayer":{
        "description": "A layer that loads and plays video files."
    },
    "PageComponent":{
        "description": "Create a swipeable content layer."
    },
    "ScrollComponent":{
        "description": "Create a scrollable content layer."
    },
    "SliderComponent":{
        "description": "Create a slider with a knob."
    },
    "RangeSliderComponent":{
        "description": "Create a range slider with two knobs."
    },
    "FlowComponent":{
        "description": "Create a flow component."
    },
    "Color":{
        "description": "Create a color object.",
        "mix": {
            "description":"Returns a blend of two colors."
        },
        "random": {
            "description":"Returns a random color."
        },
        "isColor": {
            "description":"Returns wether this is a valid color."
        },
        "isColorObject": {
            "description":"Returns wether this is a valid color object."
        },
        "isColorString": {
            "description":"Returns wether this is a valid color string."
        },
    },
    "Gradient":{
        "description": "Create a gradient object.",
        "mix": {
            "description":"Returns a blend of two gradients."
        },
        "random": {
            "description":"Returns a random gradient."
        },
        "isGradient": {
            "description":"Returns wether this is a valid gradient object."
        },
    },
    "Screen":{
        "width": {
            "description":"The width of the device screen in pixels."
        },
        "height": {
            "description":"The height of the device screen in pixels."
        },
        "size": {
            "description":"The size of the device screen in pixels."
        },
        "frame": {
            "description":"The frame of the device screen in pixels."
        },
        "onEdgeSwipe": {
            "description": "Swipe movement from edge"
        },
        "onEdgeSwipeStart": {
            "description": "Start swiping from edge"
        },
        "onEdgeSwipeEnd": {
            "description": "Edge swipe movement from edge"
        },
        "onEdgeSwipeTop": {
            "description": "Swipe movement from top edge"
        },
        "onEdgeSwipeTopStart": {
            "description": "Start swiping from top edge"
        },
        "onEdgeSwipeTopEnd": {
            "description": "End swiping from top edge"
        },
        "onEdgeSwipeRight": {
            "description": "Swipe movement from right edge"
        },
        "onEdgeSwipeRightStart": {
            "description": "Start swiping from right edge"
        },
        "onEdgeSwipeRightEnd": {
            "description": "End swiping from right edge"
        },
        "onEdgeSwipeBottom": {
            "description": "Swipe movement from bottom edge"
        },
        "onEdgeSwipeBottomStart": {
            "description": "Start swiping from bottom edge"
        },
        "onEdgeSwipeBottomEnd": {
            "description": "End swiping from bottom edge"
        },
        "onEdgeSwipeLeft": {
            "description": "Swipe movement from left edge"
        },
        "onEdgeSwipeLeftStart": {
            "description": "Start swiping from left edge"
        },
        "onEdgeSwipeLeftEnd": {
            "description": "End swiping from left edge"
        },
    },
	"layer":{
		"id": {
			"description":"Unique identification number."
		},
        "props": {
            "description":"All the exportable layer properties."
        },
		"name": {
			"description":"The layer name."
        },
        "x": {
            "description":"X position relative to top left corner."
        },
        "y": {
            "description":"Y position relative to top left corner."
        },
        "z": {
            "description":"Position in space, larger is further away."
        },
        "width": {
            "description":"The width of the layer."
        },
        "height": {
            "description":"The height of the layer."
        },
        "minX": {
            "description":"Left edge location."
        },
        "midX": {
            "description":"Horizontal center."
        },
        "maxX": {
            "description":"Right edge location."
        },
        "minY": {
            "description":"Top edge location."
        },
        "midY": {
            "description":"Vertical center."
        },
        "maxY": {
            "description":"Bottom edge location."
        },
        "point": {
            "description":"Set or get x and y values."
        },
        "size": {
            "description":"Set or get width and height values."
        },
        "frame": {
            "description":"Set or get x, y, width and height values."
        },
        "center": {
            "description":"Center this layer in its parent."
        },
        "centerX": {
            "description":"Center horizontally in its parent."
        },
        "centerY": {
            "description":"Center vertically in its parent."
        },
        "pixelAlign": {
            "description":"Round x and y values to whole numbers."
        },
        "screenFrame": {
            "description":"Set or get the absolute frame on the screen."
        },
        "contentFrame": {
            "description":"Calculated frame of all children combined."
        },
        "centerFrame": {
            "description":"Calculated frame centered in its parent."
        },
        "backgroundColor": {
            "description":"Set color as a string in css color format."
        },
        "image": {
            "description":"Set background image url or path."
        },
        "gradient": {
            "description":"Set gradient."
        },
        "visible": {
            "description":"Set whether the layers is visible or not."
        },
        "opacity": {
            "description":"Defined from 0 to 1, 0 is invisible."
        },
        "clip": {
            "description":"Set whether the children are clipped."
        },
        "ignoreEvents": {
            "description":"When enabled, no events will be emitted."
        },
        "force2d": {
            "description":"Only render 2d properties."
        },
        "originX": {
            "description":"Set the x origin for transformations."
        },
        "originY": {
            "description":"Set the y origin for transformations."
        },
        "perspective": {
            "description":"Set the perspective for child layers."
        },
        "rotation": {
            "description":"Rotation is defined in degrees."
        },
        "rotationX": {
            "description":"Set x rotation in degrees."
        },
        "rotationY": {
            "description":"Set y rotation in degrees."
        },
        "rotationZ": {
            "description":"Set z rotation in degrees."
        },
        "scale": {
            "description":"Scale relative to transform origin."
        },
        "scaleX": {
            "description":"Set horizontal scale."
        },
        "scaleY": {
            "description":"Set vertical scale."
        },
        "superLayer": {
            "description":"Deprecated: use parent."
        },
        "parent": {
            "description":"Set the parent layer."
        },
        "children": {
            "description":"All child layers."
        },
        "childrenWithName": {
            "description":"All children filtered by name."
        },
        "addSubLayer": {
            "description":"Deprecated: use addChild."
        },
        "addChild": {
            "description":"Add a layer as child."
        },
        "removeSubLayer": {
            "description":"Deprecated: use removeChild."
        },
        "removeChild": {
            "description":"Remove a layer from children."
        },
        "siblingLayers": {
            "description":"All children from the same parent."
        },
        "index": {
            "description":"Order index."
        },
        "placeBefore": {
            "description":"Places this layer before another layer."
        },
        "placeBehind": {
            "description":"Places this layer behind another layer."
        },
        "bringToFront": {
            "description":"Place in front of other layers with same parent."
        },
        "sendToBack": {
            "description":"Place behind other layers with same parent."
        },
        "html": {
            "description":"Insert arbitrary html."
        },
        "style": {
            "description":"Set or get css style properties."
        },
        "computedStyle": {
            "description":"Get computed css properties."
        },
        "classList": {
            "description":"A list of class attributes"
        },
        "destroy": {
            "description":"Remove from hierarchy and remove listeners."
        },
        "copy": {
            "description":"Copy a layer including children."
        },
        "copySingle": {
            "description":"Copy a layer without children."
        },
        "blur": {
            "description":"Add a gaussian blur defined in pixels."
        },
        "brightness": {
            "description":"Brightens or darkens a layer."
        },
        "saturate": {
            "description":"Define saturation from 0 to 100."
        },
        "hueRotate": {
            "description":"Rotate the hue in degrees."
        },
        "contrast": {
            "description":"Set contrast from 0 to 100."
        },
        "invert": {
            "description":"Invert colors from 0 to 100."
        },
        "grayscale": {
            "description":"Convert colors from 0 to 100."
        },
        "sepia": {
            "description":"Add a sepia tone from 0 to 100."
        },
        "shadowX": {
            "description":"Define horizontal shadow direction."
        },
        "shadowY": {
            "description":"Define vertical shadow direction."
        },
        "shadowBlur": {
            "description":"Add a gaussian blur to shadow."
        },
        "shadowSpread": {
            "description":"Make shadow larger in all directions."
        },
        "shadowColor": {
            "description":"Set shadow color in css format."
        },
        "borderRadius": {
            "description":"Round the corners in pixels."
        },
        "animate": {
            "description":"Start animating this layer."
        },
        "animateStop": {
            "description":"Stop all running animations."
        },
        "animations": {
            "description":"Returns all running animations."
        },
        "animationOptions": {
            "description":"Set the options for every layer animation."
        },
        "isAnimating": {
            "description":"See if layer is animating."
        },
        "on": {
            "description":"Start listening for an event."
        },
        "off": {
            "description":"Stop listening for an event."
        },
        "states": {
            "description":"Object containing the defined states of a layer."
        },
        "stateCycle": {
            "description":"Cycle to the next state."
        },
        "stateSwitch": {
            "description":"Switch instantly to a state."
        },
        "stateNames": {
            "description":"Names of all the defined states."
        },
        "onClick": {
            "description": "Click or touch."
        },
        "onTouchStart": {
            "description": "Start a touch or click."
        },
        "onTouchMove": {
            "description": "Touch move or mouse drag."
        },
        "onTouchEnd": {
            "description": "End touch or click."
        },
        "onMouseOver": {
            "description": "Hover mouse."
        },
        "onMouseOut": {
            "description": "Unhover mouse."
        },
        "onAnimationStart": {
            "description": "Start of animation."
        },
        "onAnimationStop": {
            "description": "Stop of animation."
        },
        "onAnimationEnd": {
            "description": "End of animation."
        },
        "onMove": {
            "description": "The layer is moving"
        },
        "onDragStart": {
            "description": "Start of drag."
        },
        "onDrag": {
            "description": "Move while dragging."
        },
        "onDragEnd": {
            "description": "End of drag."
        },
        "onDragAnimationDidStart": {
            "description": "Did start momentum/bounce animation."
        },
        "onDragAnimationDidEnd": {
            "description": "Did end momentum/bounce animation."
        },
        "onDirectionLockDidStart": {
            "description": "Did start lock direction."
        },
        "onScrollStart": {
            "description": "Start of scrolling."
        },
        "onScroll": {
            "description": "Move while scrolling."
        },
        "onScrollEnd": {
            "description": "End of scrolling."
        },
        "onScrollAnimationDidStart": {
            "description": "Did start momentum/bounce animation."
        },
        "onScrollAnimationDidEnd": {
            "description": "Did end momentum/bounce animation"
        },
        "onStateWillSwitch": {
            "description": "About to switch to a new state."
        },
        "onStateDidSwitch": {
            "description": "Just switched to new state."
        },
       "onTap": {
            "description": "Click or touch."
        },
        "onTapStart": {
            "description": "Start clicking or touching."
        },
        "onTapEnd": {
            "description": "End clicking or touching."
        },
        "onDoubleTap": {
            "description": "Click or touch twice quickly."
        },
        "onForceTap": {
            "description": "Force click or touch."
        },
        "onForceTapChange": {
            "description": "Change in force for click or touch."
        },
        "onForceTapStart": {
            "description": "Force click or touch."
        },
        "onForceTapEnd": {
            "description": "End click or touch."
        },
        "onLongPress": {
            "description": "Click or touch for a while."
        },
        "onLongPressStart": {
            "description": "Click or touch for a while."
        },
        "onLongPressEnd": {
            "description": "End click or touch."
        },
        "onSwipe": {
            "description": "Swipe movement."
        },
        "onSwipeStart": {
            "description": "Start swipe after threshold."
        },
        "onSwipeEnd": {
            "description": "End swipe."
        },
        "onSwipeUp": {
            "description": "Swipe movement upwards."
        },
        "onSwipeUpStart": {
            "description": "Start swiping upwards"
        },
        "onSwipeUpEnd": {
            "description": "End swiping upwards"
        },
        "onSwipeDown": {
            "description": "Swipe movement downwards"
        },
        "onSwipeDownStart": {
            "description": "Start swiping downwards"
        },
        "onSwipeDownEnd": {
            "description": "End swiping downwards"
        },
        "onSwipeLeft": {
            "description": "Swipe movement to left"
        },
        "onSwipeLeftStart": {
            "description": "Start swiping left"
        },
        "onSwipeLeftEnd": {
            "description": "End swiping left"
        },
        "onSwipeRight": {
            "description": "Swipe movement to right"
        },
        "onSwipeRightStart": {
            "description": "Start swiping right"
        },
        "onSwipeRightEnd": {
            "description": "End swiping right"
        },
        "onPan": {
            "description": "Tap and move"
        },
        "onPanStart": {
            "description": "Start tap and move"
        },
        "onPanEnd": {
            "description": "End tap and move"
        },
        "onPanLeft": {
            "description": "Tap and movement to the left"
        },
        "onPanRight": {
            "description": "Tap an movement to the right"
        },
        "onPanUp": {
            "description": "Tap and movement upwards"
        },
        "onPanDown": {
            "description": "Tap and movement downwards"
        },
        "onPinch": {
            "description": "Scale and rotate"
        },
        "onPinchStart": {
            "description": "Start scaling and rotating"
        },
        "onPinchEnd": {
            "description": "End scaling and rotating"
        },
        "onScale": {
            "description": "Move two fingers in- or outwards"
        },
        "onScaleStart": {
            "description": "Start moving in- or outwards with two fingers"
        },
        "onScaleEnd": {
            "description": "End moving in- or outwards with two fingers"
        },
        "onRotate": {
            "description": "Rotating movement with two fingers"
        },
        "onRotateStart": {
            "description": "Start rotating with two fingers"
        },
        "onRotateEnd": {
            "description": "End rotating with two fingers"
        },
        "draggable":{
            "enabled": {
                "description":"Enable dragging for the layer."
            },
            "horizontal": {
                "description":"Enable or disable horizontal movement."
            },
            "vertical": {
                "description":"Enable or disable vertical movement."
            },
            "speedX": {
                "description":"Modify the horizontal dragging speed."
            },
            "speedY": {
                "description":"Modify the vertical dragging speed."
            },
            "constraints": {
                "description":"Constraint the area this layer can be dragged within."
            },
            "constraintsOffset": {
                "description":"Get the offset compared to the dragging contraints."
            },
            "isBeyondConstraints": {
                "description":"See if the layer is currently beyond its constraints."
            },
            "overdrag": {
                "description":"Enable or disable dragging beyond the constraints."
            },
            "overdragScale": {
                "description":"Set the dragging resistance when dragging beyond constraints."
            },
            "momentum": {
                "description":"Enable or disable momentum simulation on DragEnd."
            },
            "momentumOptions": {
                "description":"Options for momentum simulation on DragEnd."
            },
            "bounce": {
                "description":"Spring animation when momentum runs beyond constraints."
            },
            "bounceOptions": {
                "description":"Spring animation options when momentum runs beyond constraints."
            },
            "velocity": {
                "description":"Current velocity for the draggable layer."
            },
            "direction": {
                "description":"Current dragging direction."
            },
            "angle": {
                "description":"Current angle (in degrees) for the draggable layer."
            },
            "updatePosition": {
                "description":"Function to override the final value before setting it."
            },
            "directionLock": {
                "description":"Snap to direction after a certain threshold."
            },
            "directionLockThreshold": {
                "description":"The thresholds for lock directions."
            },
            "pixelAlign": {
                "description":"Snap to pixels while dragging."
            },
            "isDragging": {
                "description":"Whether the layer is currently being dragged."
            },
            "isAnimating": {
                "description":"Whether the layer is currently being animated."
            },
            "isMoving": {
                "description":"Whether the layer is currently moving by dragging or animation."
            },
            "offset": {
                "description":"Get the x and y position of the draggable layer, relative to screen."
            },
            "layerStartPoint": {
                "description":"Get the x and y position of the draggable layer."
            },
            "cursorStartPoint": {
                "description":"Get the x and y position of the cursor, relative to the Canvas."
            },
            "layerCursorOffset": {
                "description":"Get the x and y position of the cursor, relative to the draggable layer."
            }
        }
	},
    "scrollComponent":{
        "content": {
            "description":"The layer to add content to."
        },
        "contentInset": {
            "description":"Inset for the content."
        },
        "speedX": {
            "description":"Horizontal scrolling speed, from 0 to 100."
        },
        "speedY": {
            "description":"Vertical scrolling speed, from 0 to 100."
        },
        "scroll": {
            "description":"Enable or disable scrolling."
        },
        "scrollHorizontal": {
            "description":"Enable or disable horizontal scrolling."
        },
        "scrollVertical": {
            "description":"Enable or disable vertical scrolling."
        },
        "scrollX": {
            "description":"Horizontal scroll location."
        },
        "scrollY": {
            "description":"Vertical scroll location."
        },
        "scrollPoint": {
            "description":"Define the scroll x and y properties."
        },
        "scrollFrame": {
            "description":"Visible scroll frame."
        },
        "velocity": {
            "description":"Speed and direction in pixels per second."
        },
        "direction": {
            "description":"Current scrolling direction."
        },
        "angle": {
            "description":"Current scrolling angle, in degrees."
        },
        "closestContentLayer": {
            "description":"Get the closest layer depending on origin."
        },
        "closestContentLayerForScrollPoint": {
            "description":"Get the content layer closest to a specific point."
        },
        "scrollToPoint": {
            "description":"Scroll to a specific point."
        },
        "scrollToLayer": {
            "description":"Scroll to a specific layer."
        },
        "scrollToClosestLayer": {
            "description":"Scroll to the closest content layer."
        },
        "mouseWheelEnabled": {
            "description":"Enable or disable scrolling with mousewheel."
        },
        "wrap": {
            "description":"Wraps a layer within a new ScrollComponent."
        },
        "updateContent": {
            "description":"Re-calculates and updates the content size."
        },
        "copy": {
            "description":"Copies a ScrollComponent"
        }
    },
    "pageComponent":{
        "originX": {
            "description":"Defines how pages will be snapped-to horizontally."
        },
        "originY": {
            "description":"Defines how pages will be snapped-to vertically."
        },
        "velocityThreshold": {
            "description":"Influences the role velocity plays in snapping to a different page."
        },
        "animationOptions": {
            "description":"Set the animation options."
        },
        "currentPage": {
            "description":"Get the current page layer."
        },
        "closestPage": {
            "description":"Get the closest page layer."
        },
        "nextPage": {
            "description":"Get the next page layer."
        },
        "previousPage": {
            "description":"Get the previous page layer."
        },
        "snapToPage": {
            "description":"Snap to a specific page."
        },
        "snapToNextPage": {
            "description":"Snap to a specific the next page."
        },
        "snapToPreviousPage": {
            "description":"Snaps to the previous page."
        },
        "addPage": {
            "description":"Add a new page to the content layer."
        },
        "horizontalPageIndex": {
            "description":"Get the index for a page."
        },
        "verticalPageIndex": {
            "description":"Get the index for a page."
        }
    },
    "textLayer": {
        "text" : {
            "description" : "Add text content."
        },
         "padding" : {
            "description" : "Add padding to text."
        },
         "fontFamily" : {
            "description" : "Set the typeface."
        },
         "fontSize" : {
            "description" : "Set the font size."
        },
         "fontWeight" : {
            "description" : "Set the font weight."
        },
         "fontStyle" : {
            "description" : "Set the font style."
        },
          "lineHeight" : {
            "description" : "The distance between lines."
        },
         "letterSpacing" : {
            "description" : "The distance between letters."
        },
        "wordSpacing" : {
            "description" : "The distance between words."
        },
        "textAlign" : {
            "description" : "The alignment of text."
        },
        "textTransform" : {
            "description" : "The capitalization of text."
        },
        "textIndent" : {
            "description" : "The indentation of text."
        },
         "textDecoration" : {
            "description" : "The decoration of text."
        },
        "textOverflow" : {
            "description" : "Add an ellipsis to overflowing text."
        },
         "direction" : {
            "description" : "The direction of text."
        },
        "textDirection" : {
            "description" : "The direction of text."
        },
        "font" : {
            "description" : "The font styles and family."
        },
        "truncate" : {
            "description" : "Add an ellipsis to overflowing text."
        },
    },
    "Events":{
        "Click": {
            "description":"Click or touch."
        },
        "TouchStart": {
            "description":"Start a touch or click."
        },
        "TouchMove": {
            "description":"Touch move or mouse drag."
        },
        "TouchEnd": {
            "description":"End touch or click."
        },
        "MouseOver": {
            "description":"Hover mouse."
        },
        "MouseOut": {
            "description":"Unhover mouse."
        },
        "AnimationStart": {
            "description":"Start of animation."
        },
        "AnimationStop": {
            "description":"Stop of animation."
        },
        "AnimationEnd": {
            "description":"End of animation."
        },
        "Move": {
            "description":"The layer is moving"
        },
        "DragStart": {
            "description":"Start of drag."
        },
        "Drag": {
            "description":"Move while dragging."
        },
        "DragEnd": {
            "description":"End of drag."
        },
        "DragAnimationDidStart": {
            "description":"Did start momentum/bounce animation."
        },
        "DragAnimationDidEnd": {
            "description":"Did end momentum/bounce animation."
        },
        "DirectionLockDidStart": {
            "description":"Did start lock direction."
        },
        "ScrollStart": {
            "description":"Start of scrolling."
        },
        "Scroll": {
            "description":"Move while scrolling."
        },
        "ScrollEnd": {
            "description":"End of scrolling."
        },
        "ScrollAnimationDidStart": {
            "description":"Did start momentum/bounce animation."
        },
        "ScrollAnimationDidEnd": {
            "description":"Did end momentum/bounce animation"
        },
        "StateWillSwitch": {
            "description":"About to switch to a new state."
        },
        "StateDidSwitch": {
            "description":"Just switched to new state."
        },
        "Tap": {
            "description": "Click or touch."
        },
        "TapStart": {
            "description": "Start clicking or touching."
        },
        "TapEnd": {
            "description": "End clicking or touching."
        },
        "DoubleTap": {
            "description": "Click or touch twice quickly."
        },
        "ForceTap": {
            "description": "Force click or touch."
        },
        "ForceTapChange": {
            "description": "Change in force for click or touch."
        },
        "ForceTapStart": {
            "description": "Force click or touch."
        },
        "ForceTapEnd": {
            "description": "End click or touch."
        },
        "LongPress": {
            "description": "Click or touch for a while."
        },
        "LongPressStart": {
            "description": "Click or touch for a while."
        },
        "LongPressEnd": {
            "description": "End click or touch."
        },
        "Swipe": {
            "description": "Swipe movement."
        },
        "SwipeStart": {
            "description": "Start swipe after threshold."
        },
        "SwipeEnd": {
            "description": "End swipe."
        },
        "SwipeUp": {
            "description": "Swipe movement upwards."
        },
        "SwipeUpStart": {
            "description": "Start swiping upwards"
        },
        "SwipeUpEnd": {
            "description": "End swiping upwards"
        },
        "SwipeDown": {
            "description": "Swipe movement downwards"
        },
        "SwipeDownStart": {
            "description": "Start swiping downwards"
        },
        "SwipeDownEnd": {
            "description": "End swiping downwards"
        },
        "SwipeLeft": {
            "description": "Swipe movement to left"
        },
        "SwipeLeftStart": {
            "description": "Start swiping left"
        },
        "SwipeLeftEnd": {
            "description": "End swiping left"
        },
        "SwipeRight": {
            "description": "Swipe movement to right"
        },
        "SwipeRightStart": {
            "description": "Start swiping right"
        },
        "SwipeRightEnd": {
            "description": "End swiping right"
        },
        "EdgeSwipe": {
            "description": "Swipe movement from edge"
        },
        "EdgeSwipeStart": {
            "description": "Start swiping from edge"
        },
        "EdgeSwipeEnd": {
            "description": "Edge swipe movement from edge"
        },
        "EdgeSwipeTop": {
            "description": "Swipe movement from top edge"
        },
        "EdgeSwipeTopStart": {
            "description": "Start swiping from top edge"
        },
        "EdgeSwipeTopEnd": {
            "description": "End swiping from top edge"
        },
        "EdgeSwipeRight": {
            "description": "Swipe movement from right edge"
        },
        "EdgeSwipeRightStart": {
            "description": "Start swiping from right edge"
        },
        "EdgeSwipeRightEnd": {
            "description": "End swiping from right edge"
        },
        "EdgeSwipeBottom": {
            "description": "Swipe movement from bottom edge"
        },
        "EdgeSwipeBottomStart": {
            "description": "Start swiping from bottom edge"
        },
        "EdgeSwipeBottomEnd": {
            "description": "End swiping from bottom edge"
        },
        "EdgeSwipeLeft": {
            "description": "Swipe movement from left edge"
        },
        "EdgeSwipeLeftStart": {
            "description": "Start swiping from left edge"
        },
        "EdgeSwipeLeftEnd": {
            "description": "End swiping from left edge"
        },
        "Pan": {
            "description": "Tap and move"
        },
        "PanStart": {
            "description": "Start tap and move"
        },
        "PanEnd": {
            "description": "End tap and move"
        },
        "PanLeft": {
            "description": "Tap and movement to the left"
        },
        "PanRight": {
            "description": "Tap an movement to the right"
        },
        "PanUp": {
            "description": "Tap and movement upwards"
        },
        "PanDown": {
            "description": "Tap and movement downwards"
        },
        "Pinch": {
            "description": "Scale and rotate"
        },
        "PinchStart": {
            "description": "Start scaling and rotating"
        },
        "PinchEnd": {
            "description": "End scaling and rotating"
        },
        "Scale": {
            "description": "Move two fingers in- or outwards"
        },
        "ScaleStart": {
            "description": "Start moving in- or outwards with two fingers"
        },
        "ScaleEnd": {
            "description": "End moving in- or outwards with two fingers"
        },
        "Rotate": {
            "description": "Rotating movement with two fingers"
        },
        "RotateStart": {
            "description": "Start rotating with two fingers"
        },
        "RotateEnd": {
            "description": "End rotating with two fingers"
        },
        "TransitionEnd": {
            "description":"A transition completely finishes."
        },
        "TransitionStart": {
            "description":"A transition begins."
        },
        "TransitionStop": {
            "description":"A transition completely finishes."
        },
        "TransitionHalt": {
            "description":"A transition gets interrupted."
        }
    },
    "animation":{
        "start": {
            "description":"Start the animation."
        },
        "stop": {
            "description":"Stop the animation."
        },
        "reverse": {
            "description":"Create a new animation with reverse values."
        },
        "options": {
            "description":"The options of the animation."
        }
    },
    "function":{
        "linear": {
            "description":"Constant speed."
        },
        "ease": {
            "description":"Ease curve."
        },
        "easeIn": {
            "description":"Ease-in curve."
        },
        "easeOut": {
            "description":"Ease-out curve."
        },
        "easeInOut": {
            "description":"Ease-in-out curve."
        },
    },
    "Utils":{
        "modulate": {
            "description":"Translates a number between two ranges."
        },
        "cycle": {
            "description":"Creates a function that returns the next value in a given array."
        },
        "loadWebFont": {
            "description":"Load a typeface from Google Web Fonts."
        },
        "labelLayer": {
            "description":"Quickly add a label to a layer."
        },
        "round": {
            "description":"Rounds a number."
        },
        "randomChoice": {
            "description":"Get a random item from an array of values."
        },
        "randomColor": {
            "description":"Creates a random color."
        },
        "randomNumber": {
            "description":"Generate a random number between a and c."
        },
        "delay": {
            "description":"Calls a funtion after a delay."
        },
        "interval": {
            "description":"Calls a function every x seconds."
        },
        "debounce": {
            "description":"Creates a function that will delay the calling of handler until after x seconds have elapsed since the last time it was invoked."
        },
        "throttle": {
            "description":"Creates a function that will call the wrapped function at most once per x seconds."
        },
        "domLoadScriptSync": {
            "description":"Load and evaluate a Javascript file."
        },
        "isWebKit": {
            "description":"Returns wether this is a WebKit browser."
        },
        "isChrome()": {
            "description":"Returns wether this is a Chrome browser."
        },
        "isSafari": {
            "description":"Returns wether this is a Safari browser."
        },
        "isTouch": {
            "description":"Returns wether this is a touch enabled browser."
        },
        "isDesktop": {
            "description":"Returns wether this is a desktop browser."
        },
        "isPhone": {
            "description":"Returns wether this is a phone device."
        },
        "isTablet": {
            "description":"Returns wether this is a tablet device."
        },
        "isMobile": {
            "description":"Returns wether this is a phone or tablet."
        }
    },
    "color":{
        "r": {
            "description":"Red"
        },
        "g": {
            "description":"Green"
        },
        "b": {
            "description":"Blue"
        },
        "a": {
            "description":"Alpha"
        },
        "mix": {
            "description":"Returns a blend of two colors."
        },
        "darken": {
            "description":"Returns a color with more black."
        },
        "lighten": {
            "description":"Returns a color with more white."
        },
        "brighten": {
            "description":"Returns a brightened color."
        },
        "desaturate": {
            "description":"Returns a color with reduced colorfulness."
        },
        "saturate": {
            "description":"Returns a color with increased colorfulness."
        },
        "grayscale": {
            "description":"Returns a fully desaturated color."
        }
    },
    "gradient":{
        "start": {
            "description":"Set start color."
        },
        "end": {
            "description":"Set end color."
        },
        "angle": {
            "description":"Set angle, 0 is from bottom to top."
        },
        "mix": {
            "description":"Returns a blend with another gradient."
        },
        "isEqual": {
            "description":"Compares with another gradient."
        }
    },
    "MIDIComponent":{
        "description":"Create an object to listen to MIDI events."
    },
    "midiComponent":{
        "min": {
            "description":"Set the value to modulate the lowest output to."
        },
        "max": {
            "description":"Set the value to modulate the highest output to."
        },
        "source": {
            "description":"Set the ID of the source to listen to."
        },
        "channel": {
            "description":"Set the channel to listen to."
        },
        "control": {
            "description":"Set the control to listen to."
        },
        "onValueChange": {
            "description":"Control changes value."
        }
    },
    "sliderComponent":{
        "knob": {
            "description": "The knob of the slider."
        },
        "fill": {
            "description": "The filled value layer."
        },
        "knobSize": {
            "description": "The size of the knob."
        },
        "min": {
            "description": "The minimum value of the slider."
        },
        "max": {
            "description": "The maximum value of the slider."
        },
        "value": {
            "description": "The value of the slider."
        },
        "hitArea": {
            "description": "Increase the touch target of the slider."
        },
        "constrained": {
            "description": "Constrain the knob to the slider width."
        },
        "onValueChange": {
            "description": "Slider value changes."
        },
        "animateToValue": {
            "description": "Animate the knob to a value."
        },
    },
    "rangeSliderComponent":{
        "fill": {
            "description": "The filled range layer."
        },
        "knobSize": {
            "description": "The size of the knob."
        },
        "minKnob": {
            "description": "The knob that sets the minimum value."
        },
        "maxKnob": {
            "description": "The knob that sets the maximum value."
        },
        "min": {
            "description": "The minimum range of the slider."
        },
        "max": {
            "description": "The maximum range of the slider."
        },
        "minValue": {
            "description": "The minimum value of the slider."
        },
        "maxValue": {
            "description": "The maximum value of the slider."
        },
        "hitArea": {
            "description": "Increase the touch target of the slider."
        },
        "constrained": {
            "description": "Constrain the knob to the slider width."
        },
        "onValueChange": {
            "description": "Slider range value changes."
        },
        "onMinValueChange": {
            "description": "Slider minimum value changes."
        },
        "onMaxValueChange": {
            "description": "Slider maximum value changes."
        },
        "animateToMinValue": {
            "description": "Animate the minKnob to a value."
        },
        "animateToMaxValue": {
            "description": "Animate the maxKnob to a value."
        },
    },
    "flowComponent":{
        "showNext": {
            "description":"Show next layer with a normal transition."
        },
        "showPrevious": {
            "description":"Show the previous layer."
        },
        "showOverlayCenter": {
            "description":"Show next layer with an animation from the center."
        },
        "showOverlayTop": {
            "description":"Show next layer with an animation from the top."
        },
        "showOverlayRight": {
            "description":"Show next layer with an animation from the right."
        },
        "showOverlayBottom": {
            "description":"Show next layer with an animation from the bottom."
        },
        "showOverlayLeft": {
            "description":"Show next layer with an animation from the left."
        },
        "reset": {
            "description":"Reset the navigation flow."
        },
        "current": {
            "description":"The current layer in the navigation flow."
        },
        "previous": {
            "description":"The previous layer in the navigation flow."
        },
        "header": {
            "description":"Add a layer as sticky header."
        },
        "footer": {
            "description":"Add a layer as sticky footer."
        },
        "onTransitionEnd": {
            "description":"A transition completely finishes."
        },
        "onTransitionStart": {
            "description":"A transition begins."
        },
        "onTransitionStop": {
            "description":"A transition completely finishes."
        },
        "onTransitionHalt": {
            "description":"A transition gets interrupted."
        }
    }
}
